<?xml version="1.0" encoding="UTF-8"?>
<project-private xmlns="http://www.netbeans.org/ns/project-private/1">
    <editor-bookmarks xmlns="http://www.netbeans.org/ns/editor-bookmarks/2" lastBookmarkId="0"/>
    <open-files xmlns="http://www.netbeans.org/ns/projectui-open-files/2">
        <group>
            <file>file:/media/Data/SUMMER_2021/PRJ301/Projects/LearningProjectFinal/web/shop.jsp</file>
            <file>file:/media/Data/SUMMER_2021/PRJ301/Projects/LearningProjectFinal/web/searchAccount.jsp</file>
            <file>file:/media/Data/SUMMER_2021/PRJ301/Projects/LearningProjectFinal/web/META-INF/context.xml</file>
            <file>file:/media/Data/SUMMER_2021/PRJ301/Projects/LearningProjectFinal/web/WEB-INF/web.xml</file>
        </group>
    </open-files>
</project-private>
